Fecha;";"; TRM 
14/08/2024;";";4038,87
13/08/2024;";";4063,26
12/08/2024;";";4064,51
11/08/2024;";";4064,51
10/08/2024;";";4064,51
9/08/2024;";";4100,79
8/08/2024;";";4136,27
7/08/2024;";";4136,27
6/08/2024;";";4184,3
5/08/2024;";";4110,37
4/08/2024;";";4110,37
3/08/2024;";";4110,37
2/08/2024;";";4057,14
1/08/2024;";";4060,34
31/07/2024;";";4089,05
30/07/2024;";";4059,91
29/07/2024;";";4014,56
28/07/2024;";";4014,56
27/07/2024;";";4014,56
26/07/2024;";";4.035,00
25/07/2024;";";4047,66
24/07/2024;";";4010,53
23/07/2024;";";4006,01
22/07/2024;";";4040,2
21/07/2024;";";4040,2
20/07/2024;";";4040,2
19/07/2024;";";4036,73
18/07/2024;";";4011,19
17/07/2024;";";3977,63
16/07/2024;";";3948,41
15/07/2024;";";3944,97
14/07/2024;";";3944,97
13/07/2024;";";3944,97
12/07/2024;";";3968,87
11/07/2024;";";3979,91
10/07/2024;";";4022,05
9/07/2024;";";4052,99
8/07/2024;";";4093,72
7/07/2024;";";4093,72
6/07/2024;";";4093,72
5/07/2024;";";4096,09
4/07/2024;";";4096,09
3/07/2024;";";4130,03
2/07/2024;";";4148,04
1/07/2024;";";4148,04
30/06/2024;";";4148,04
29/06/2024;";";4148,04
28/06/2024;";";4158,1
27/06/2024;";";4133,61
26/06/2024;";";4093,66
25/06/2024;";";4104,38
24/06/2024;";";4143,72
23/06/2024;";";4143,72
22/06/2024;";";4143,72
21/06/2024;";";4175,96
20/06/2024;";";4101,87
19/06/2024;";";4101,87
18/06/2024;";";4144,63
17/06/2024;";";4151,55
16/06/2024;";";4151,55
15/06/2024;";";4151,55
14/06/2024;";";4107,52
13/06/2024;";";4023,26
12/06/2024;";";3960,83
11/06/2024;";";3944,14
10/06/2024;";";3944,14
9/06/2024;";";3944,14
8/06/2024;";";3944,14
7/06/2024;";";3938,53
6/06/2024;";";3927,91
5/06/2024;";";3909,65
4/06/2024;";";3860,92
3/06/2024;";";3860,92
2/06/2024;";";3860,92
1/06/2024;";";3860,92
31/05/2024;";";3874,32
30/05/2024;";";3867,02
29/05/2024;";";3853,09
28/05/2024;";";3878,07
27/05/2024;";";3878,07
26/05/2024;";";3878,07
25/05/2024;";";3878,07
24/05/2024;";";3837,58
23/05/2024;";";3829,59
22/05/2024;";";3814,94
21/05/2024;";";3822,39
20/05/2024;";";3832,26
19/05/2024;";";3832,26
18/05/2024;";";3832,26
17/05/2024;";";3828,98
16/05/2024;";";3825,42
15/05/2024;";";3861,82
14/05/2024;";";3888,21
13/05/2024;";";3888,21
12/05/2024;";";3888,21
11/05/2024;";";3888,21
10/05/2024;";";3900,38
9/05/2024;";";3902,63
8/05/2024;";";3884,84
7/05/2024;";";3894,23
6/05/2024;";";3895,41
5/05/2024;";";3895,41
4/05/2024;";";3895,41
3/05/2024;";";3898,62
2/05/2024;";";3899,07
1/05/2024;";";3899,07
30/04/2024;";";3873,44
29/04/2024;";";3926,02
28/04/2024;";";3926,02
27/04/2024;";";3926,02
26/04/2024;";";3964,59
25/04/2024;";";3935,65
24/04/2024;";";3910,01
23/04/2024;";";3924,82
22/04/2024;";";3937,13
21/04/2024;";";3937,13
20/04/2024;";";3937,13
19/04/2024;";";3918,23
18/04/2024;";";3901,94
17/04/2024;";";3938,11
16/04/2024;";";3889,58
15/04/2024;";";3864,97
14/04/2024;";";3864,97
13/04/2024;";";3864,97
12/04/2024;";";3820,1
11/04/2024;";";3815,44
10/04/2024;";";3763,43
9/04/2024;";";3768,8
8/04/2024;";";3764,23
7/04/2024;";";3764,23
6/04/2024;";";3764,23
5/04/2024;";";3775,37
4/04/2024;";";3812,13
3/04/2024;";";3845,22
2/04/2024;";";3863,05
1/04/2024;";";3842,3
31/03/2024;";";3842,3
30/03/2024;";";3842,3
29/03/2024;";";3842,3
28/03/2024;";";3842,3
27/03/2024;";";3865,97
26/03/2024;";";3901,51
25/03/2024;";";3901,51
24/03/2024;";";3901,51
23/03/2024;";";3901,51
22/03/2024;";";3888,02
21/03/2024;";";3886,94
20/03/2024;";";3894,37
19/03/2024;";";3880,59
18/03/2024;";";3884,64
17/03/2024;";";3884,64
16/03/2024;";";3884,64
15/03/2024;";";3899,39
14/03/2024;";";3908,02
13/03/2024;";";3919,86
12/03/2024;";";3907,81
11/03/2024;";";3905,45
10/03/2024;";";3905,45
9/03/2024;";";3905,45
8/03/2024;";";3920,79
7/03/2024;";";3932,55
6/03/2024;";";3945,32
5/03/2024;";";3948,67
4/03/2024;";";3934,82
3/03/2024;";";3934,82
2/03/2024;";";3934,82
1/03/2024;";";3931,31
29/02/2024;";";3933,56
28/02/2024;";";3935,59
27/02/2024;";";3963,08
26/02/2024;";";3949,36
25/02/2024;";";3949,36
24/02/2024;";";3949,36
23/02/2024;";";3935,64
22/02/2024;";";3930,26
21/02/2024;";";3912,97
20/02/2024;";";3917,84
19/02/2024;";";3917,84
18/02/2024;";";3917,84
17/02/2024;";";3917,84
16/02/2024;";";3909,89
15/02/2024;";";3916,61
14/02/2024;";";3.929,00
13/02/2024;";";3915,28
12/02/2024;";";3926,08
11/02/2024;";";3926,08
10/02/2024;";";3926,08
9/02/2024;";";3954,68
8/02/2024;";";3962,23
7/02/2024;";";3950,57
6/02/2024;";";3975,74
5/02/2024;";";3928,11
4/02/2024;";";3928,11
3/02/2024;";";3928,11
2/02/2024;";";3889,05
1/02/2024;";";3915,56
31/01/2024;";";3925,6
30/01/2024;";";3918,93
29/01/2024;";";3925,26
28/01/2024;";";3925,26
27/01/2024;";";3925,26
26/01/2024;";";3932,96
25/01/2024;";";3929,95
24/01/2024;";";3934,62
23/01/2024;";";3904,49
22/01/2024;";";3916,39
21/01/2024;";";3916,39
20/01/2024;";";3916,39
19/01/2024;";";3939,89
18/01/2024;";";3969,5
17/01/2024;";";3940,85
16/01/2024;";";3901,38
15/01/2024;";";3901,38
14/01/2024;";";3901,38
13/01/2024;";";3901,38
12/01/2024;";";3929,79
11/01/2024;";";3946,39
10/01/2024;";";3934,13
9/01/2024;";";3912,93
8/01/2024;";";3912,93
7/01/2024;";";3912,93
6/01/2024;";";3912,93
5/01/2024;";";3927,64
4/01/2024;";";3914,6
3/01/2024;";";3895,53
2/01/2024;";";3822,05
1/01/2024;";";3822,05
31/12/2023;";";3822,05
30/12/2023;";";3822,05
29/12/2023;";";3822,05
28/12/2023;";";3844,81
27/12/2023;";";3871,45
26/12/2023;";";3915,43
25/12/2023;";";3915,43
24/12/2023;";";3915,43
23/12/2023;";";3915,43
22/12/2023;";";3943,03
21/12/2023;";";3948,54
20/12/2023;";";3925,77
19/12/2023;";";3932,59
18/12/2023;";";3956,76
17/12/2023;";";3956,76
16/12/2023;";";3956,76
15/12/2023;";";3955,88
14/12/2023;";";3999,43
13/12/2023;";";3990,88
12/12/2023;";";3982,5
11/12/2023;";";3998,51
10/12/2023;";";3998,51
9/12/2023;";";3998,51
8/12/2023;";";3998,51
7/12/2023;";";3989,55
6/12/2023;";";4023,21
5/12/2023;";";3999,91
4/12/2023;";";3983,15
3/12/2023;";";3983,15
2/12/2023;";";3983,15
1/12/2023;";";4045,22
30/11/2023;";";3980,67
29/11/2023;";";3957,77
28/11/2023;";";3989,89
27/11/2023;";";4044,51
26/11/2023;";";4044,51
25/11/2023;";";4044,51
24/11/2023;";";4092,33
23/11/2023;";";4092,33
22/11/2023;";";4060,15
21/11/2023;";";4033,83
20/11/2023;";";4116,59
19/11/2023;";";4116,59
18/11/2023;";";4116,59
17/11/2023;";";4077,44
16/11/2023;";";3976,84
15/11/2023;";";3963,57
14/11/2023;";";4037,19
13/11/2023;";";4037,19
12/11/2023;";";4037,19
11/11/2023;";";4037,19
10/11/2023;";";4056,94
9/11/2023;";";4065,79
8/11/2023;";";4005,06
7/11/2023;";";3975,09
6/11/2023;";";3975,09
5/11/2023;";";3975,09
4/11/2023;";";3975,09
3/11/2023;";";4047,11
2/11/2023;";";4117,71
1/11/2023;";";4114,29
31/10/2023;";";4060,83
30/10/2023;";";4120,62
29/10/2023;";";4120,62
28/10/2023;";";4120,62
27/10/2023;";";4154,94
26/10/2023;";";4201,53
25/10/2023;";";4213,97
24/10/2023;";";4221,39
23/10/2023;";";4238,85
22/10/2023;";";4238,85
21/10/2023;";";4238,85
20/10/2023;";";4249,71
19/10/2023;";";4227,39
18/10/2023;";";4222,09
17/10/2023;";";4249,0
16/10/2023;";";4249,0
15/10/2023;";";4249,0
14/10/2023;";";4249,0
13/10/2023;";";4230,61
12/10/2023;";";4212,5
11/10/2023;";";4231,97
10/10/2023;";";4386,66
9/10/2023;";";4386,66
8/10/2023;";";4386,66
7/10/2023;";";4386,66
6/10/2023;";";4359,4
5/10/2023;";";4252,09
4/10/2023;";";4187,01
3/10/2023;";";4141,43
2/10/2023;";";4053,76
1/10/2023;";";4053,76
30/09/2023;";";4053,76
29/09/2023;";";4085,57
28/09/2023;";";4093,6
27/09/2023;";";4068,73
26/09/2023;";";4052,54
25/09/2023;";";3948,7
24/09/2023;";";3948,7
23/09/2023;";";3948,7
22/09/2023;";";3948,25
21/09/2023;";";3907,21
20/09/2023;";";3902,54
19/09/2023;";";3905,95
18/09/2023;";";3928,28
17/09/2023;";";3928,28
16/09/2023;";";3928,28
15/09/2023;";";3926,59
14/09/2023;";";3950,92
13/09/2023;";";3993,53
12/09/2023;";";3997,74
11/09/2023;";";4012,26
10/09/2023;";";4012,26
9/09/2023;";";4012,26
8/09/2023;";";4045,83
7/09/2023;";";4093,04
6/09/2023;";";4089,46
5/09/2023;";";4063,36
4/09/2023;";";4063,36
3/09/2023;";";4063,36
2/09/2023;";";4063,36
1/09/2023;";";4099,2
31/08/2023;";";4085,33
30/08/2023;";";4110,08
29/08/2023;";";4111,52
28/08/2023;";";4117,78
27/08/2023;";";4117,78
26/08/2023;";";4117,78
25/08/2023;";";4076,9
24/08/2023;";";4085,89
23/08/2023;";";4120,07
22/08/2023;";";4124,04
21/08/2023;";";4124,04
20/08/2023;";";4124,04
19/08/2023;";";4124,04
18/08/2023;";";4093,96
17/08/2023;";";4130,33
16/08/2023;";";4096,08
15/08/2023;";";4029,95
14/08/2023;";";3973,41
